n_bits,p_approx,qubits,logical_depth,logical_gate_count,transpiled_cx_count,transpiled_depth,build_time,transpile_time
2,3,26,7,15,37050,68666,0.35837268829345703,0.09453487396240234
3,7,39,9,21,163458,299460,1.4373676776885986,0.3220632076263428
4,15,52,11,27,491620,891894,4.093208074569702,0.9520628452301025
5,31,65,13,33,1150272,2077980,9.55933690071106,2.127066135406494
6,63,78,15,39,2330430,4195857,19.389543294906616,4.265650749206543
